City,Lat,Lng,Max Temp,Humidity,Cloudiness,Wind Speed,Country,Date
bonavista,48.6499,-53.1147,48.2,76,100,8.05,CA,1619133245
manuk mangkaw,4.8,119.85,80.82,77,21,2.86,PH,1619133246
baykit,61.67,96.37,25.83,90,100,4.74,RU,1619133246
ruidoso,33.3317,-105.673,64.4,13,1,26.46,US,1619133246
imbituba,-28.24,-48.6703,68.0,83,20,6.91,BR,1619133246
selenginsk,52.0064,106.8647,30.2,37,20,4.47,RU,1619133247
marsh harbour,26.5412,-77.0636,75.94,76,27,10.92,BS,1619133247
rawson,-43.3002,-65.1023,58.59,51,27,2.15,AR,1619133247
mount gambier,-37.8333,140.7667,51.8,93,90,5.75,AU,1619133247
sibolga,1.7427,98.7792,76.08,87,100,2.68,ID,1619133248
vostok,46.4856,135.8833,56.03,38,100,3.4,RU,1619133248
santa cruz de la palma,28.6835,-17.7642,66.2,72,0,4.61,ES,1619133248
linhares,-19.3911,-40.0722,71.76,87,38,3.94,BR,1619133248
bull savanna,17.8868,-77.5902,75.07,81,41,3.13,JM,1619133249
karakol,42.4907,78.3936,23.99,61,9,7.07,KG,1619133249
harnosand,62.6323,17.9379,35.01,69,64,12.66,SE,1619133249
rikitea,-23.1203,-134.9692,77.9,75,85,15.3,PF,1619133249
aswan,24.0934,32.907,85.44,17,41,10.92,EG,1619132702
touros,-5.1989,-35.4608,78.8,83,40,4.61,BR,1619133250
whyalla,-33.0333,137.5833,59.0,67,40,5.75,AU,1619133250
goderich,43.7501,-81.7165,39.2,45,48,3.44,CA,1619133250
seminole,28.7086,-81.2081,70.0,60,1,11.5,US,1619133250
whitianga,-36.8333,175.7,64.89,60,96,2.95,NZ,1619133251
hasaki,35.7333,140.8333,55.0,62,20,13.8,JP,1619133251
bjornevatn,69.6672,29.9847,33.8,80,90,8.05,NO,1619133251
nieuw amsterdam,5.8833,-55.0833,78.8,83,40,9.22,SR,1619133251
andrelandia,-21.7397,-44.3092,57.16,94,6,4.54,BR,1619133252
owando,-0.4819,15.8999,74.16,88,80,1.97,CG,1619133252
ponta do sol,32.6667,-17.1,64.99,90,86,4.0,PT,1619133252
belmonte,-15.8631,-38.8828,78.8,78,40,9.22,BR,1619133252
bumba,2.1833,22.4667,74.89,80,47,0.69,CD,1619133253
goba,7.0167,39.9833,50.4,88,100,4.97,ET,1619133253
hikari,33.955,131.95,68.0,45,75,9.22,JP,1619133253
antalaha,-14.9003,50.2788,73.62,90,91,7.49,MG,1619132672
souillac,-20.5167,57.5167,77.0,94,75,6.91,MU,1619132709
nenjiang,49.1833,125.2167,43.5,57,91,18.1,CN,1619133254
kuusamo,65.9667,29.1833,30.2,93,0,4.61,FI,1619133254
severo-kurilsk,50.6789,156.125,35.71,93,69,3.11,RU,1619133166
tura,25.5198,90.2201,69.48,66,46,1.92,IN,1619133254
tiarei,-17.5333,-149.3333,86.0,62,20,6.91,PF,1619133254
aiquile,-18.2041,-65.1807,57.63,81,56,2.01,BO,1619133255
chokurdakh,70.6333,147.9167,0.91,95,95,6.08,RU,1619133255
ghanzi,-21.5667,21.7833,62.04,33,97,5.44,BW,1619133255
sudzha,51.1976,35.2726,46.17,83,45,9.1,RU,1619133255
dryden,49.7833,-92.7503,62.6,20,1,16.11,CA,1619133096
kysyl-syr,63.8986,122.7617,27.77,95,100,10.42,RU,1619133256
upernavik,72.7868,-56.1549,22.14,88,100,6.53,GL,1619132492
caravelas,-17.7125,-39.2481,73.27,88,95,4.25,BR,1619133227
jijiga,9.35,42.8,62.08,85,87,5.19,ET,1619133242
aquiraz,-3.9014,-38.3911,81.0,83,20,5.75,BR,1619133286
labuhan,-6.8844,112.2051,75.02,81,38,5.88,ID,1619133286
inhambane,-23.865,35.3833,70.05,77,34,6.11,MZ,1619133286
general roca,-39.0333,-67.5833,60.8,77,0,2.3,AR,1619133287
zhangye,38.9342,100.4517,56.55,42,4,11.23,CN,1619133287
alofi,-19.0595,-169.9187,84.2,74,75,12.66,NU,1619133287
kaithal,29.8,76.3833,72.73,39,70,14.52,IN,1619133287
saldanha,-33.0117,17.9442,59.05,90,0,5.88,ZA,1619133288
zhigansk,66.7697,123.3711,21.2,93,100,12.48,RU,1619133288
aljezur,37.3191,-8.8033,58.42,78,100,4.09,PT,1619133288
ilulissat,69.2167,-51.1,24.8,74,100,4.41,GL,1619133288
fernie,49.5,-115.0687,37.4,55,100,9.22,CA,1619133289
sivaki,52.6333,126.75,32.5,34,93,15.84,RU,1619133289
zhuhai,22.2769,113.5678,79.0,83,0,3.44,CN,1619133289
cap-aux-meules,47.3821,-61.8597,39.2,70,82,17.27,CA,1619133289
iqaluit,63.7506,-68.5145,21.2,86,90,3.44,CA,1619132953
berlevag,70.8578,29.0864,33.98,70,100,10.76,NO,1619133290
butaritari,3.0707,172.7902,82.72,74,58,10.4,KI,1619133290
lavrentiya,65.5833,-171.0,33.8,71,92,1.92,RU,1619133235
chicama,-7.8447,-79.1469,66.2,82,40,11.5,PE,1619133290
chumikan,54.7183,135.315,33.08,97,100,7.18,RU,1619133291
duku,11.2361,4.9073,87.55,40,68,4.47,NG,1619133291
kamaishi,39.2667,141.8833,48.2,49,0,16.11,JP,1619133291
grand gaube,-20.0064,57.6608,75.99,87,100,3.0,MU,1619133292
la asuncion,11.0333,-63.8628,93.2,43,19,23.02,VE,1619133292
pueblo nuevo,23.3833,-105.3833,71.89,13,89,8.19,MX,1619133292
cidreira,-30.1811,-50.2056,69.85,72,1,16.51,BR,1619133293
weyburn,49.6668,-103.8511,50.0,40,63,29.93,CA,1619133293
victoria,22.2855,114.1577,77.0,84,0,4.68,HK,1619132582
archdale,35.9146,-79.972,55.99,27,77,10.71,US,1619133293
pachino,36.7186,15.0907,62.6,59,75,5.75,IT,1619133293
punta arenas,-53.15,-70.9167,46.4,93,75,4.61,CL,1619133250
karasjok,69.4719,25.5112,30.2,69,0,5.75,NO,1619133294
poplar bluff,36.757,-90.3929,55.99,33,1,8.05,US,1619133294
hamilton,39.1834,-84.5333,52.0,32,1,10.36,US,1619133255
oktyabrskoye,43.0645,44.7417,50.0,100,100,8.95,RU,1619133294
vardo,70.3705,31.1107,33.8,75,75,4.61,NO,1619132553
galveston,29.3669,-94.9669,70.0,73,90,16.11,US,1619133294
manoel urbano,-8.8389,-69.2597,77.23,85,54,1.36,BR,1619133295
murindo,6.9848,-76.7544,77.83,93,75,2.21,CO,1619133295
kabanjahe,3.1001,98.4908,62.65,92,100,1.99,ID,1619133295
sao joao da barra,-21.6403,-41.0511,71.82,74,1,16.26,BR,1619133295
santa isabel,-23.3156,-46.2214,62.6,88,75,3.44,BR,1619133296
crestview,30.7621,-86.5705,70.0,26,1,5.28,US,1619133058
turukhansk,65.8167,87.9833,27.28,94,100,11.77,RU,1619133296
norman wells,65.282,-126.8329,28.4,54,75,12.66,CA,1619133326
srednekolymsk,67.45,153.6833,14.56,84,96,4.27,RU,1619133326
mar del plata,-38.0023,-57.5575,68.0,94,40,8.05,AR,1619133060
saint george,37.1041,-113.5841,75.99,15,1,17.27,US,1619133327
itacare,-14.2775,-38.9967,78.8,89,20,5.75,BR,1619133327
umm kaddadah,13.6017,26.6876,82.98,17,1,11.39,SD,1619133327
meulaboh,4.1363,96.1285,76.05,89,90,2.93,ID,1619133327
pochutla,15.7432,-96.4661,90.0,51,75,11.5,MX,1619133328
solntsevo,51.4185,36.7499,46.4,71,49,11.18,RU,1619133328
yerbogachen,61.2767,108.0108,26.58,89,100,12.41,RU,1619132753
esperance,-33.8667,121.9,53.6,94,99,10.36,AU,1619133328
diffa,13.3154,12.6113,89.26,10,76,6.29,NE,1619133329
sao jose da coroa grande,-8.8978,-35.1478,79.09,82,12,8.57,BR,1619133329
falun,60.6036,15.626,35.01,60,36,13.8,SE,1619133329
kruisfontein,-34.0033,24.7314,66.0,83,4,7.0,ZA,1619133292
pozo colorado,-23.4923,-58.7972,79.09,40,77,3.27,PY,1619133329
samandag,36.0842,35.9771,59.0,88,0,6.91,TR,1619133330
bejar,40.3864,-5.7634,50.0,85,53,1.99,ES,1619133330
gaoual,11.75,-13.2,87.4,43,78,7.07,GN,1619133330
belaya gora,68.5333,146.4167,12.94,81,61,4.21,RU,1619133330
concordia,-31.393,-58.0209,72.0,88,75,6.91,AR,1619133331
ryotsu,38.0833,138.4333,51.8,76,20,4.61,JP,1619133331
margate,51.3813,1.3862,43.0,75,7,3.0,GB,1619133331
dalbandin,28.8947,64.4101,73.15,20,0,6.71,PK,1619133332
naron,43.5167,-8.1528,57.0,100,0,2.3,ES,1619133332
kenora,49.8167,-94.4337,62.6,19,20,18.41,CA,1619133223
vanse,58.1167,6.7,43.0,76,19,22.15,NO,1619133332
meihekou,42.5272,125.6753,51.66,74,100,2.98,CN,1619133332
formosa,-26.1775,-58.1781,68.0,94,90,6.91,AR,1619133333
namibe,-15.1961,12.1522,79.14,81,41,1.79,AO,1619133333
el alto,-4.2714,-81.2147,72.86,71,93,16.98,PE,1619133333
isabela,6.7085,121.9711,77.0,88,75,1.14,PH,1619133182
juli,-16.2167,-69.45,42.06,78,57,2.64,PE,1619133333
karratha,-20.7377,116.8463,74.19,28,0,13.29,AU,1619133334
oksbol,55.6268,8.2876,42.01,75,75,19.57,DK,1619133334
hokitika,-42.7167,170.9667,54.79,93,100,6.6,NZ,1619133334
saint-joseph,-21.3667,55.6167,77.0,73,100,13.8,RE,1619133335
bayan,46.0833,127.4,53.38,87,100,3.18,CN,1619133335
pangnirtung,66.1451,-65.7125,19.4,86,40,8.05,CA,1619133075
stokmarknes,68.5646,14.9108,35.01,76,91,7.25,NO,1619133335
suntar,62.1444,117.6319,27.93,92,100,13.09,RU,1619133335
bud,39.447,-86.1758,53.01,41,61,8.19,US,1619133336
huayang,34.4155,109.9939,49.32,80,100,7.4,CN,1619133336
sorland,67.667,12.6934,36.95,51,93,20.02,NO,1619133336
faanui,-16.4833,-151.75,81.09,73,11,14.76,PF,1619133336
vaini,-21.2,-175.2,86.0,58,75,6.91,TO,1619133189
oliver,49.1831,-119.5524,64.4,20,7,13.8,CA,1619133337
russell,32.3502,-85.1999,66.2,20,1,3.18,US,1619133367
kavieng,-2.5744,150.7967,82.27,74,92,7.31,PG,1619133367
port hawkesbury,45.6169,-61.3485,37.99,75,90,11.5,CA,1619133368
saint-philippe,-21.3585,55.7679,77.0,73,100,13.8,RE,1619133368
chuy,-33.6971,-53.4616,65.5,80,8,12.03,UY,1619133237
medowie,-32.7333,151.8667,61.0,44,0,20.71,AU,1619133368
hobyo,5.3505,48.5268,83.53,71,77,11.59,SO,1619133368
mehamn,71.0357,27.8492,32.16,75,99,3.44,NO,1619133369
barrow,71.2906,-156.7887,21.2,86,1,8.05,US,1619133166
ajuchitlan,20.7167,-100.0167,84.2,15,40,10.36,MX,1619133369
moron,-34.6534,-58.6198,71.01,82,95,6.06,AR,1619133369
lorengau,-2.0226,147.2712,82.53,77,100,2.42,PG,1619133370
thompson,55.7435,-97.8558,21.2,68,75,19.57,CA,1619133185
kavaratti,10.5669,72.642,83.28,69,73,7.56,IN,1619133266
muriwai beach,-36.8167,174.45,69.01,73,97,5.99,NZ,1619133154
lethem,3.3803,-59.7968,83.34,61,53,12.53,GY,1619133370
natal,-5.795,-35.2094,80.6,83,20,6.91,BR,1619133370
geraldton,-28.7667,114.6,62.6,77,100,8.05,AU,1619133370
bethel,41.3712,-73.414,42.01,50,86,5.01,US,1619133371
kulaman,6.4594,124.0892,81.03,77,26,3.31,PH,1619133371
atuona,-9.8,-139.0333,80.82,76,49,19.53,PF,1619133355
college,64.8569,-147.8028,53.6,28,1,11.5,US,1619133371
bluff,-46.6,168.3333,55.0,85,100,4.0,NZ,1619133372
cenotillo,20.9667,-88.6167,87.51,52,68,10.6,MX,1619133372
tomatlan,19.9333,-105.25,89.73,29,93,10.98,MX,1619133372
kulhudhuffushi,6.6221,73.07,83.16,73,37,8.21,MV,1619133372
ancud,-41.8697,-73.8203,51.01,100,40,4.61,CL,1619133245
khadyzhensk,44.4256,39.5319,44.76,94,3,3.06,RU,1619133373
tiksi,71.6872,128.8694,13.23,86,100,4.43,RU,1619133373
kunming,25.0389,102.7183,60.8,51,0,17.9,CN,1619133373
shu,43.5983,73.7614,39.0,52,0,4.0,KZ,1619133373
cherskiy,68.75,161.3,18.34,90,100,10.36,RU,1619133374
irtyshskiy,58.3333,68.1333,37.78,58,100,12.86,RU,1619133374
clyde river,70.4692,-68.5914,17.6,73,90,11.5,CA,1619133298
saquena,-4.6667,-73.5167,76.78,85,41,1.79,PE,1619133374
vila franca do campo,37.7167,-25.4333,59.0,77,40,31.07,PT,1619133291
charters towers,-20.1,146.2667,65.75,94,100,8.23,AU,1619133374
morondava,-20.2833,44.2833,76.37,71,0,3.56,MG,1619133375
kungurtug,50.5994,97.5228,26.73,86,100,2.53,RU,1619133375
horta,38.5333,-28.6333,55.96,77,55,36.91,PT,1619133375
castro,-24.7911,-50.0119,58.05,84,98,3.58,BR,1619133359
flin flon,54.7682,-101.865,26.6,54,75,17.27,CA,1619133375
tabou,4.423,-7.3528,80.33,86,69,7.36,CI,1619133376
mpulungu,-8.7623,31.1141,71.01,81,11,7.27,ZM,1619133376
shelburne,44.0787,-80.2041,39.99,57,86,14.56,CA,1619133376
safranbolu,41.2508,32.6942,44.98,80,6,2.35,TR,1619133376
constitucion,-35.3333,-72.4167,55.04,85,90,11.92,CL,1619133407
kapaa,22.0752,-159.319,80.6,69,1,9.22,US,1619133201
maniitsoq,65.4167,-52.9,31.51,69,7,5.64,GL,1619133407
laguna,38.421,-121.4238,73.99,43,1,14.97,US,1619133397
poshekhonye,58.4993,39.1353,41.0,93,25,6.93,RU,1619133407
serebryansk,49.6925,83.2892,23.0,80,100,4.47,KZ,1619133408
naryan-mar,67.6713,53.087,35.74,92,100,14.05,RU,1619133358
sitka,57.0531,-135.33,51.8,50,40,9.22,US,1619133408
normandin,48.8333,-72.5321,33.8,51,100,20.71,CA,1619133408
mossingen,48.4057,9.0542,39.2,60,0,1.14,DE,1619133408
houma,29.5958,-90.7195,68.0,55,1,11.5,US,1619133409
lata,40.1629,-8.3327,57.99,87,54,4.5,PT,1619133409
asau,46.4333,26.4,44.01,57,100,4.47,RO,1619133409
inirida,3.8653,-67.9239,80.22,79,36,0.67,CO,1619133409
samarai,-10.6167,150.6667,82.83,77,76,3.71,PG,1619133410
nemuro,43.3236,145.575,36.03,86,93,14.88,JP,1619133410
mahuva,21.0914,71.7622,80.69,50,83,9.42,IN,1619133410
valparaiso,-33.0393,-71.6273,57.99,94,90,5.75,CL,1619133410
dzilam gonzalez,21.2833,-88.9333,84.9,62,55,11.01,MX,1619133411
kingston,17.997,-76.7936,84.2,65,20,11.5,JM,1619133154
mirnyy,62.5353,113.9611,25.48,87,100,14.76,RU,1619133411
seoul,37.5683,126.9778,66.2,45,0,8.05,KR,1619133372
rovaniemi,66.5,25.7167,33.8,86,90,13.8,FI,1619133411
nikolskoye,59.7035,30.7861,45.0,87,90,5.93,RU,1619133218
ribeira grande,38.5167,-28.7,57.13,76,50,37.49,PT,1619133199
half moon bay,37.4636,-122.4286,62.01,87,75,6.91,US,1619133412
wanning,18.8003,110.3967,76.73,87,33,5.14,CN,1619133412
abha,18.2164,42.5053,64.4,44,0,2.95,SA,1619133247
kieta,-6.2167,155.6333,77.63,91,99,4.09,PG,1619133412
ovruch,51.3246,28.8035,43.0,87,96,5.91,UA,1619133413
olinda,-8.0089,-34.8553,80.6,69,20,6.91,BR,1619133131
ukiah,39.1502,-123.2078,78.8,29,1,8.05,US,1619133302
bengkulu,-3.8004,102.2655,73.44,87,86,3.83,ID,1619133413
mayo,38.8876,-76.5119,51.01,32,75,10.36,US,1619133413
banda aceh,5.5577,95.3222,80.02,80,94,10.2,ID,1619133413
pisco,-13.7,-76.2167,69.01,77,0,20.71,PE,1619133414
deputatskiy,69.3,139.9,4.82,94,94,2.15,RU,1619133414
qui nhon,13.7667,109.2333,77.47,89,85,3.22,VN,1619133414
salalah,17.0151,54.0924,80.6,69,0,3.44,OM,1619133414
santa isabel do rio negro,-0.4139,-65.0192,75.69,95,86,2.26,BR,1619133415
linhai,28.85,121.1167,72.0,85,68,3.4,CN,1619133415
prince george,53.9166,-122.753,46.99,21,1,6.91,CA,1619133415
port blair,11.6667,92.75,79.7,76,69,5.46,IN,1619133415
ussel,45.55,2.3167,55.0,18,6,1.01,FR,1619133416
talnakh,69.4865,88.3972,30.9,96,100,13.13,RU,1619133416
palmer,42.1584,-72.3287,41.0,33,75,20.71,US,1619133416
lobatse,-25.2167,25.6667,51.8,76,2,1.14,BW,1619133416
prince rupert,54.3161,-130.3201,55.4,38,20,9.22,CA,1619133447
provideniya,64.3833,-173.3,39.2,52,0,13.42,RU,1619133213
airai,-8.9266,125.4092,62.85,78,29,1.9,TL,1619133223
eskil,38.4017,33.4131,50.76,38,0,3.27,TR,1619133447
cabo san lucas,22.8909,-109.9124,82.99,18,20,16.11,MX,1619133423
bathurst,-33.4166,149.5806,48.0,62,4,1.01,AU,1619133447
westport,41.1415,-73.3579,44.01,51,83,1.01,US,1619133441
saint-leu,-21.15,55.2833,77.0,73,100,13.8,RE,1619133448
tuktoyaktuk,69.4541,-133.0374,12.2,73,20,9.22,CA,1619133448
necochea,-38.5473,-58.7368,61.0,92,100,7.4,AR,1619133448
sofiyivka,48.0493,33.8746,44.6,87,13,8.95,UA,1619133448
salto de agua,17.6167,-92.3667,93.2,49,75,11.5,MX,1619133449
kaabong,3.4836,34.1492,63.93,89,100,9.62,UG,1619133449
manta,-0.95,-80.7333,80.6,78,20,10.36,EC,1619133449
nelson bay,-32.7167,152.15,60.01,44,0,20.71,AU,1619133449
coos bay,43.3665,-124.2179,64.0,71,40,10.36,US,1619133225
gondanglegi,-7.7479,112.0132,71.71,86,41,6.96,ID,1619133450
northam,51.0333,-4.2167,45.0,72,0,3.0,GB,1619133450
novokizhinginsk,51.6115,109.5917,28.71,88,100,3.8,RU,1619133450
san patricio,28.017,-97.5169,73.99,78,90,19.57,US,1619133194
bilma,18.6853,12.9164,87.73,12,0,6.35,NE,1619133363
palana,59.1167,159.9667,30.49,99,98,3.2,RU,1619133450
east london,-33.0153,27.9116,67.62,80,98,11.3,ZA,1619133451
chingirlau,51.095,54.0814,44.83,72,100,10.76,KZ,1619133451
komsomolets,53.7453,62.0708,46.87,55,100,9.26,KZ,1619133451
pemberton,50.3164,-122.8027,60.8,17,1,2.3,CA,1619133307
nanortalik,60.1432,-45.2371,35.76,81,57,3.78,GL,1619133452
svetlaya,46.5389,138.3297,48.94,60,44,7.99,RU,1619133452
fayaoue,-20.65,166.5333,78.55,81,14,13.11,NC,1619133452
sukhobuzimskoye,56.5,93.2728,17.6,79,0,5.1,RU,1619133299
grand-lahou,5.1367,-5.0242,81.72,86,71,11.01,CI,1619133452
terrace,54.5163,-128.6035,59.0,23,20,2.3,CA,1619133453
santiago del estero,-27.7951,-64.2615,67.05,93,100,4.63,AR,1619133339
straumen,63.8709,11.2999,39.0,87,75,19.57,NO,1619133453
antofagasta,-23.65,-70.4,62.6,82,40,9.22,CL,1619133278
chunhuhub,19.55,-88.6833,89.53,35,11,6.98,MX,1619133453
korla,41.7597,86.1469,43.16,46,100,18.39,CN,1619133453
avera,33.194,-82.5271,62.6,22,1,8.05,US,1619133454
la libertad,-2.2333,-80.9,78.8,78,0,11.5,EC,1619133454
terney,45.0503,136.6092,52.23,49,100,4.43,RU,1619133454
fuzhou,26.0614,119.3061,69.8,94,40,0.78,CN,1619133454
bulungu,-4.55,18.6,75.83,77,92,2.17,CD,1619133455
ullapool,57.8987,-5.1604,45.0,68,94,1.01,GB,1619133437
lagoa,39.05,-27.9833,56.21,78,39,41.63,PT,1619133367
la ronge,55.1001,-105.2842,28.4,40,99,13.8,CA,1619133455
waitati,-45.75,170.5667,63.0,60,100,4.0,NZ,1619133455
cervo,43.6702,-7.4101,54.0,87,98,5.41,ES,1619133456
karema,-6.8205,30.4389,69.85,83,0,6.08,TZ,1619133456
edd,13.9297,41.6925,87.37,46,0,17.65,ER,1619133486
thabazimbi,-24.5917,27.4116,60.51,47,19,1.79,ZA,1619133486
bakal,54.9417,58.8083,37.2,87,100,1.52,RU,1619133487
teutonia,-29.4481,-51.8064,66.0,85,11,5.26,BR,1619133487
mount isa,-20.7333,139.5,73.4,25,29,16.11,AU,1619133487
kiruna,67.8557,20.2251,23.0,86,26,4.61,SE,1619133488
carnarvon,-24.8667,113.6333,64.4,63,33,5.75,AU,1619133488
huntsville,34.7304,-86.5861,63.0,31,1,5.75,US,1619133253
mednogorsk,51.4128,57.595,41.16,81,100,11.12,RU,1619133488
bowen,-20.0167,148.2333,73.4,78,90,8.05,AU,1619133489
zheleznodorozhnyy,55.7503,38.0042,48.0,93,0,6.71,RU,1619133489
yar-sale,66.8333,70.8333,33.04,87,69,14.92,RU,1619133489
arraial do cabo,-22.9661,-42.0278,71.6,88,20,14.97,BR,1619133489
uyuni,-20.4597,-66.825,49.91,15,0,7.92,BO,1619133490
banjarmasin,-3.3244,114.591,75.2,88,12,3.18,ID,1619133490
praia da vitoria,38.7333,-27.0667,57.2,77,75,30.13,PT,1619133490
flinders,-34.5833,150.8552,63.0,55,0,5.99,AU,1619133491
lyuban,52.7985,28.0048,41.14,77,100,7.18,BY,1619133492
cururupu,-1.8283,-44.8683,74.89,93,100,2.15,BR,1619133492
kampot,10.6167,104.1833,80.6,100,40,2.3,KH,1619133492
dunedin,-45.8742,170.5036,63.0,62,99,3.0,NZ,1619133492
iwanai,42.9744,140.5089,51.42,51,0,2.98,JP,1619133493
manjacaze,-24.7117,33.8828,63.95,87,86,4.72,MZ,1619133493
carutapera,-1.195,-46.02,75.83,91,100,3.91,BR,1619133493
longyearbyen,78.2186,15.6401,15.8,73,75,4.61,SJ,1619133493
torbay,47.6666,-52.7314,46.0,93,90,24.16,CA,1619133311
pacific grove,36.6177,-121.9166,55.99,71,90,10.36,US,1619133494
bambous virieux,-20.3428,57.7575,77.0,94,40,4.61,MU,1619133494
sao felix do xingu,-6.6447,-51.995,72.77,96,81,0.31,BR,1619133494
arlit,18.7369,7.3853,87.1,6,47,9.17,NE,1619133495
sao filipe,14.8961,-24.4956,73.02,73,59,12.39,CV,1619133214
pozega,45.3403,17.6853,52.0,76,0,1.14,HR,1619133495
busselton,-33.65,115.3333,57.0,84,82,1.99,AU,1619133245
princeville,45.7668,-61.2985,39.0,75,90,11.5,CA,1619133495
sapa,5.1544,120.3241,79.43,82,23,0.72,PH,1619133496
dukat,62.55,155.55,20.21,92,100,5.3,RU,1619133496
dicabisagan,17.0818,122.4157,77.2,78,95,3.09,PH,1619133496
bismil,37.8486,40.6658,55.4,87,0,6.91,TR,1619133376
sabang,5.8933,95.3214,83.05,72,95,14.74,ID,1619133496
coihueco,-36.6167,-71.8333,55.4,100,98,3.44,CL,1619133497
zeya,53.75,127.2667,32.85,40,53,10.29,RU,1619133497
avarua,-21.2078,-159.775,82.4,78,40,24.16,CK,1619133207
santa cruz del norte,23.1539,-81.9236,82.4,74,40,10.36,CU,1619133497
jumla,29.2747,82.1838,34.9,78,5,6.08,NP,1619133497
labuan,5.2767,115.2417,80.6,89,20,2.3,MY,1619133498
basoko,1.2391,23.616,75.42,80,92,3.94,CD,1619133498
shenjiamen,29.9576,122.298,60.67,99,91,7.83,CN,1619133528
farafenni,13.5667,-15.6,84.49,32,16,10.94,GM,1619133529
port elizabeth,-33.918,25.5701,64.4,94,0,13.8,ZA,1619133404
hobart,-42.8794,147.3294,55.4,47,75,9.22,AU,1619133529
hilo,19.7297,-155.09,84.2,48,75,8.05,US,1619133529
nioro,13.35,-15.75,81.63,40,26,9.48,GM,1619133530
mishan,45.55,131.8833,56.52,54,100,4.45,CN,1619133530
pokhara,28.2333,83.9833,62.85,29,1,7.9,NP,1619133530
buala,-8.145,159.5921,83.89,73,91,6.89,SB,1619133249
sao paulo de olivenca,-3.3783,-68.8725,75.49,94,84,0.58,BR,1619133530
menongue,-14.6585,17.691,66.33,60,85,3.65,AO,1619133531
ebeltoft,56.1944,10.6821,41.0,81,9,9.22,DK,1619133531
lebu,-37.6167,-73.65,52.32,76,89,2.3,CL,1619133531
torbat-e jam,35.244,60.6225,57.76,20,30,4.12,IR,1619133531
aasiaat,68.7098,-52.8699,21.06,83,95,7.83,GL,1619133532
sola,-13.8833,167.55,82.81,76,86,15.57,VU,1619133532
zhanaozen,43.3,52.8,64.27,14,96,21.09,KZ,1619133532
yingcheng,30.95,113.55,60.8,100,90,2.24,CN,1619133532
new norfolk,-42.7826,147.0587,52.0,64,60,4.0,AU,1619133533
castel maggiore,44.5771,11.3607,50.0,87,0,3.44,IT,1619133533
bahar,34.9072,48.4414,59.36,49,99,1.01,IR,1619133533
luanda,-8.8368,13.2343,76.08,85,93,6.87,AO,1619133430
hornepayne,49.2138,-84.7705,41.77,65,93,11.34,CA,1619133533
marawi,7.9986,124.2928,80.01,81,78,3.0,PH,1619133534
puerto ayora,-0.7393,-90.3518,82.4,74,20,19.57,EC,1619133534
kenai,60.5544,-151.2583,53.6,43,1,11.5,US,1619133534
mecca,21.4267,39.8261,84.42,37,74,4.25,SA,1619133249
saskylakh,71.9167,114.0833,5.58,96,100,5.73,RU,1619133534
san vicente,-26.6167,-54.1333,63.54,61,97,2.21,AR,1619133535
bay saint louis,30.3088,-89.33,64.4,45,1,10.36,US,1619133328
itoman,26.1247,127.6694,71.6,94,75,18.41,JP,1619133535
mandalgovi,45.7625,106.2708,39.94,53,98,19.71,MN,1619133535
karatsu,33.4425,129.9697,70.0,52,75,4.61,JP,1619133536
san cristobal,7.7669,-72.225,84.2,61,20,6.91,VE,1619133363
fare,-16.7,-151.0167,81.03,73,4,13.69,PF,1619133536
kloulklubed,7.0419,134.2556,82.4,78,75,5.75,PW,1619133536
shasta lake,40.6804,-122.3708,81.0,34,4,1.01,US,1619133536
qaanaaq,77.484,-69.3632,13.57,81,79,8.14,GL,1619133537
coahuayana,18.7333,-103.6833,84.2,23,40,11.5,MX,1619133427
royan,45.6285,-1.0281,57.99,62,0,5.75,FR,1619133537
jieshi,22.8134,115.8257,74.44,80,10,4.16,CN,1619133537
niquelandia,-14.4739,-48.4597,69.31,62,1,2.89,BR,1619133537
puerto del rosario,28.5004,-13.8627,68.0,68,0,9.22,ES,1619133538
jamestown,42.097,-79.2353,35.01,86,90,13.8,US,1619133506
matamoros,25.5333,-103.25,95.0,6,75,12.01,MX,1619133538
mbigou,-1.9005,11.906,68.09,99,100,4.27,GA,1619133538
aksarka,66.5606,67.7975,34.99,90,100,12.75,RU,1619133568
torrijos,39.9819,-4.2835,60.01,66,76,8.14,ES,1619133390
merano,46.6682,11.1595,44.01,70,0,4.61,IT,1619133569
saint-francois,46.4154,3.9054,48.2,71,0,6.91,FR,1619133544
cape town,-33.9258,18.4232,59.0,94,75,12.66,ZA,1619133569
quesnel,52.9999,-122.5029,50.0,23,1,11.5,CA,1619133562
aktash,50.3,87.7333,3.9,94,99,1.36,RU,1619133569
shinpokh,34.3292,71.1782,62.6,59,20,6.91,PK,1619133570
port lincoln,-34.7333,135.8667,61.18,66,90,8.3,AU,1619133570
macomer,40.262,8.7699,53.6,87,20,6.91,IT,1619133570
barra patuca,15.8,-84.2833,81.07,71,6,10.74,HN,1619133570
dikson,73.5069,80.5464,27.46,93,100,23.42,RU,1619133357
ugoofaaru,5.6667,73.0,82.27,75,24,9.62,MV,1619133571
coihaique,-45.5752,-72.0662,46.4,87,75,3.02,CL,1619133527
yeppoon,-23.1333,150.7333,69.8,73,90,6.91,AU,1619133571
fortuna,40.5982,-124.1573,60.01,76,1,16.11,US,1619133389
nicoya,10.1483,-85.452,87.8,42,0,16.11,CR,1619133571
roura,4.7263,-52.3274,79.0,89,75,4.61,GF,1619133572
bardiyah,31.7561,25.0865,61.45,73,73,8.25,LY,1619133572
port hardy,50.6996,-127.4199,51.8,76,40,6.91,CA,1619133307
kandrian,-6.2167,149.55,84.0,72,87,3.91,PG,1619133572
tual,-5.6667,132.75,84.18,71,71,9.22,ID,1619133502
yaan,7.3833,8.5667,82.83,68,51,9.91,NG,1619133573
bredasdorp,-34.5322,20.0403,62.08,92,1,1.88,ZA,1619133166
ushuaia,-54.8,-68.3,42.8,87,75,14.97,AR,1619133573
naze,28.3667,129.4833,69.8,83,75,18.41,JP,1619133573
krasnoturansk,54.3186,91.5639,26.6,59,0,8.95,RU,1619133573
batagay-alyta,67.8006,130.4114,1.54,79,33,3.18,RU,1619133574
quatre cocos,-20.2078,57.7625,77.0,94,40,4.61,MU,1619133574
outjo,-20.1167,16.15,66.88,35,80,6.51,NA,1619133574
salym,60.0625,71.4789,30.61,75,6,9.89,RU,1619133574
noumea,-22.2763,166.4572,82.0,74,0,3.44,NC,1619133552
kopervik,59.2835,5.3067,42.8,61,90,11.5,NO,1619133575
padang,-0.9492,100.3543,75.2,94,40,2.3,ID,1619133383
port alfred,-33.5906,26.891,67.6,82,58,19.44,ZA,1619133377
georgetown,5.4112,100.3354,77.0,88,40,13.8,MY,1619133309
jingdezhen,29.2947,117.2079,66.33,96,92,2.55,CN,1619133575
makakilo city,21.3469,-158.0858,84.2,48,40,9.22,US,1619133575
henties bay,-22.116,14.2845,63.0,87,75,3.0,NA,1619133575
vestmannaeyjar,63.4427,-20.2734,44.94,80,100,25.77,IS,1619133576
tooele,40.5308,-112.2983,62.6,27,1,10.36,US,1619133352
bressanone,46.715,11.656,42.01,81,53,3.38,IT,1619133576
darlowo,54.421,16.4107,42.01,74,25,9.01,PL,1619133576
bailieborough,53.9167,-6.9667,34.59,89,0,5.32,IE,1619133576
la suiza,9.8524,-83.6133,78.8,68,40,13.8,CR,1619133577
miyazu,35.5333,135.1833,55.74,61,89,0.83,JP,1619133577
ostrovnoy,68.0531,39.5131,33.6,93,100,9.86,RU,1619133607
launceston,-41.45,147.1667,53.01,62,40,11.5,AU,1619133608
maroon town,18.3446,-77.7954,77.0,78,75,10.36,JM,1619133608
sao miguel do araguaia,-13.275,-50.1628,74.95,71,78,2.51,BR,1619133608
carbonia,39.1672,8.5222,57.0,82,20,2.3,IT,1619133608
khandbari,27.3747,87.2039,60.82,41,17,6.22,NP,1619133563
paka,4.6374,103.4368,73.4,100,20,4.09,MY,1619133608
narsaq,60.9167,-46.05,50.0,29,88,8.05,GL,1619133609
shrigonda,18.6167,74.6833,81.05,39,90,4.7,IN,1619133609
inuvik,68.3499,-133.7218,24.8,50,33,5.75,CA,1619133609
faya,18.3851,42.4509,60.8,44,0,2.75,SA,1619133610
codrington,-38.2667,141.9667,56.01,72,100,11.86,AU,1619133356
buraydah,26.326,43.975,78.8,22,0,5.75,SA,1619133601
malangwa,26.8568,85.5581,75.54,24,26,5.06,NP,1619133610
talaya,61.3833,152.75,25.27,92,100,4.14,RU,1619133503
san andres,12.5847,-81.7006,84.2,70,40,13.8,CO,1619133610
cabinda,-5.55,12.2,78.33,90,87,3.13,AO,1619133610
saint-esteve,42.7131,2.843,48.99,76,0,4.61,FR,1619133611
thunder bay,48.4001,-89.3168,53.6,40,20,11.5,CA,1619133611
khasan,42.4308,130.6434,44.38,75,100,4.52,RU,1619133611
shilka,51.85,116.0333,32.32,51,99,11.99,RU,1619133611
rio grande,-32.035,-52.0986,68.0,83,3,15.43,BR,1619133612
khani,41.9563,42.9566,50.0,93,90,4.61,GE,1619133479
le vauclin,14.5452,-60.8388,78.8,73,20,10.36,MQ,1619133612
mogadishu,2.0371,45.3438,82.06,78,94,9.46,SO,1619133612
yellowknife,62.456,-114.3525,17.6,53,75,17.27,CA,1619133612
sulangan,11.1373,123.7228,81.91,77,99,10.78,PH,1619133613
cockburn town,21.4612,-71.1419,80.6,74,40,11.5,TC,1619133613
san jose,37.3394,-121.895,69.01,55,20,14.97,US,1619133544
grindavik,63.8424,-22.4338,44.6,87,75,26.46,IS,1619133613
arcachon,44.5875,-1.0519,57.2,67,0,4.61,FR,1619133614
hermanus,-34.4187,19.2345,61.0,81,0,1.01,ZA,1619133614
komsomolskiy,40.4272,71.7189,48.2,81,0,1.68,UZ,1619133614
pontes e lacerda,-15.2261,-59.3353,79.48,65,64,1.1,BR,1619133614
tuatapere,-46.1333,167.6833,55.0,83,99,5.01,NZ,1619133615
novyy urengoy,66.0833,76.6333,27.95,84,99,15.61,RU,1619133615
ambulu,-8.345,113.6058,72.46,85,55,3.53,ID,1619133376
paamiut,61.994,-49.6678,32.31,83,43,2.53,GL,1619133615
nome,64.5011,-165.4064,44.6,49,40,8.05,US,1619133615
comodoro rivadavia,-45.8667,-67.5,48.2,76,0,4.99,AR,1619133616
luderitz,-26.6481,15.1594,64.85,71,1,7.02,NA,1619133570
matara,5.9485,80.5353,77.43,89,32,8.12,LK,1619133532
shache,38.4167,77.2406,50.41,14,12,6.73,CN,1619133616
leningradskiy,69.3833,178.4167,34.56,81,92,1.1,RU,1619133616
sisimiut,66.9395,-53.6735,30.11,75,61,6.91,GL,1619133617
helena,46.5927,-112.0361,35.6,64,90,14.97,US,1619133617
porto novo,6.4965,2.6036,84.2,84,40,11.5,BJ,1619133617
